{"_step":29374,"val_loss":0.6591459512710571,"val_accuracy":0.75,"_wandb":{"runtime":2141},"train_loss":0.7048152685165405,"train_accuracy":0.375,"_timestamp":1.7396697593568552e+09,"_runtime":2141.474902187}