{
	"MAE": 0.4641999900341034,
	"MSE": 0.4339999854564667,
	"RMSE": 0.6588000059127808,
	"MAPE": 2.647599935531616,
	"MSPE": 1421.994140625,
	"RSE": 0.599399983882904
}