{
	"best_epoch": 7,
	"best_step": 92,
	"latest_MSE": 0.36730000376701355,
	"eval_MAE": 0.415800005197525,
	"eval_MSE": 0.36730000376701355,
	"eval_RMSE": 0.6060000061988831,
	"eval_MAPE": 2.003700017929077,
	"eval_MSPE": 1908.607177734375,
	"eval_RSE": 0.5972999930381775
}