{
	"best_epoch": 4,
	"best_step": 92,
	"best_MSE": 0.3671000003814697,
	"eval_MAE": 0.4154999852180481,
	"eval_MSE": 0.3671000003814697,
	"eval_RMSE": 0.60589998960495,
	"eval_MAPE": 2.0078001022338867,
	"eval_MSPE": 1905.3173828125,
	"eval_RSE": 0.597100019454956
}