{
	"MAE": 0.46470001339912415,
	"MSE": 0.43630000948905945,
	"RMSE": 0.6604999899864197,
	"MAPE": 2.7428998947143555,
	"MSPE": 1500.7113037109375,
	"RSE": 0.6010000109672546
}