{
	"best_epoch": 9,
	"best_step": 92,
	"latest_MSE": 0.36010000109672546,
	"eval_MAE": 0.4090000092983246,
	"eval_MSE": 0.36010000109672546,
	"eval_RMSE": 0.6000999808311462,
	"eval_MAPE": 2.0817999839782715,
	"eval_MSPE": 1828.4549560546875,
	"eval_RSE": 0.5914000272750854
}