{
	"best_epoch": 8,
	"best_step": 92,
	"best_MSE": 0.36010000109672546,
	"eval_MAE": 0.4090999960899353,
	"eval_MSE": 0.36010000109672546,
	"eval_RMSE": 0.6000999808311462,
	"eval_MAPE": 2.0817999839782715,
	"eval_MSPE": 1828.2430419921875,
	"eval_RSE": 0.5914000272750854
}