{"_runtime":7.897284638,"_timestamp":1.7436789754296222e+09,"eval_RMSE":0.5357000231742859,"lr":3.90625e-07,"train_loss":0.30860924509604204,"TEST_plot":{"format":"png","width":2000,"height":400,"_type":"image-file","sha256":"42b8b1d346afda070fce8efd23a84f4b9405d0c773e75834622a21d34df28f22","size":146130,"path":"media/images/TEST_plot_920_42b8b1d346afda070fce.png"},"eval_MSPE":379.543212890625,"eval_RSE":0.526199996471405,"eval_MSE":0.28690001368522644,"_step":920,"eval_MAPE":1.6331000328063965,"eval_MAE":0.3763999938964844,"_wandb":{"runtime":8}}