{
	"MAE": 0.2662999927997589,
	"MSE": 0.13940000534057617,
	"RMSE": 0.3732999861240387,
	"MAPE": 1.992300033569336,
	"MSPE": 607.7603759765625,
	"RSE": 0.48899999260902405
}