{
	"best_epoch": 9,
	"best_step": 92,
	"latest_MSE": 0.27959999442100525,
	"eval_MAE": 0.3720000088214874,
	"eval_MSE": 0.27959999442100525,
	"eval_RMSE": 0.5288000106811523,
	"eval_MAPE": 1.510200023651123,
	"eval_MSPE": 350.4197998046875,
	"eval_RSE": 0.5195000171661377
}