{
	"best_epoch": 8,
	"best_step": 92,
	"best_MSE": 0.27959999442100525,
	"eval_MAE": 0.37209999561309814,
	"eval_MSE": 0.27959999442100525,
	"eval_RMSE": 0.5288000106811523,
	"eval_MAPE": 1.5103000402450562,
	"eval_MSPE": 350.4941101074219,
	"eval_RSE": 0.5195000171661377
}