{
	"MAE": 0.3749000132083893,
	"MSE": 0.3343999981880188,
	"RMSE": 0.5781999826431274,
	"MAPE": 1.7340999841690063,
	"MSPE": 119.42520141601562,
	"RSE": 0.5285999774932861
}