{
	"best_epoch": 9,
	"best_step": 378,
	"latest_MSE": 0.2687999904155731,
	"eval_MAE": 0.3377000093460083,
	"eval_MSE": 0.2687999904155731,
	"eval_RMSE": 0.5184999704360962,
	"eval_MAPE": 1.5513999462127686,
	"eval_MSPE": 96.377197265625,
	"eval_RSE": 0.5188999772071838
}