{
	"best_epoch": 5,
	"best_step": 378,
	"best_MSE": 0.2687999904155731,
	"eval_MAE": 0.3375000059604645,
	"eval_MSE": 0.2687999904155731,
	"eval_RMSE": 0.5184999704360962,
	"eval_MAPE": 1.5539000034332275,
	"eval_MSPE": 96.52200317382812,
	"eval_RSE": 0.5188999772071838
}