{
	"MAE": 0.3765000104904175,
	"MSE": 0.33640000224113464,
	"RMSE": 0.5799999833106995,
	"MAPE": 1.791599988937378,
	"MSPE": 124.94380187988281,
	"RSE": 0.5302000045776367
}