{
	"best_epoch": 9,
	"best_step": 378,
	"latest_MSE": 0.2689000070095062,
	"eval_MAE": 0.3352999985218048,
	"eval_MSE": 0.2689000070095062,
	"eval_RMSE": 0.5185999870300293,
	"eval_MAPE": 1.6062999963760376,
	"eval_MSPE": 101.17169952392578,
	"eval_RSE": 0.5189999938011169
}