{
	"MAE": 0.227400004863739,
	"MSE": 0.11420000344514847,
	"RMSE": 0.33799999952316284,
	"MAPE": 1.5132999420166016,
	"MSPE": 1519.486083984375,
	"RSE": 0.4253999888896942
}