{
	"best_epoch": 4,
	"best_step": 378,
	"best_MSE": 0.148499995470047,
	"eval_MAE": 0.25380000472068787,
	"eval_MSE": 0.148499995470047,
	"eval_RMSE": 0.38530001044273376,
	"eval_MAPE": 1.52839994430542,
	"eval_MSPE": 930.8154296875,
	"eval_RSE": 0.392300009727478
}