{
	"best_epoch": 9,
	"best_step": 378,
	"latest_MSE": 0.148499995470047,
	"eval_MAE": 0.25360000133514404,
	"eval_MSE": 0.148499995470047,
	"eval_RMSE": 0.38530001044273376,
	"eval_MAPE": 1.5268000364303589,
	"eval_MSPE": 925.93408203125,
	"eval_RSE": 0.392300009727478
}