{"_step":29374,"val_loss":0.0025977918412536383,"val_accuracy":1,"_wandb":{"runtime":4008},"train_loss":0.038614191114902496,"train_accuracy":1,"_timestamp":1.739751482044071e+09,"_runtime":4008.857934685}