{
	"best_epoch": 0,
	"best_step": 912,
	"best_loss": 0.12038568984832823,
	"eval_loss": 0.12038568984832823
}