{
	"MAE": 0.26460000872612,
	"MSE": 0.13920000195503235,
	"RMSE": 0.37310001254081726,
	"MAPE": 2.121799945831299,
	"MSPE": 704.731201171875,
	"RSE": 0.4887000024318695
}