{
	"best_epoch": 9,
	"best_step": 92,
	"latest_MSE": 0.273499995470047,
	"eval_MAE": 0.3628999888896942,
	"eval_MSE": 0.273499995470047,
	"eval_RMSE": 0.5228999853134155,
	"eval_MAPE": 1.5784000158309937,
	"eval_MSPE": 380.14068603515625,
	"eval_RSE": 0.513700008392334
}