{
	"best_epoch": 7,
	"best_step": 92,
	"best_MSE": 0.273499995470047,
	"eval_MAE": 0.3628999888896942,
	"eval_MSE": 0.273499995470047,
	"eval_RMSE": 0.5230000019073486,
	"eval_MAPE": 1.5786000490188599,
	"eval_MSPE": 380.1907958984375,
	"eval_RSE": 0.5138000249862671
}