{"_timestamp":1.7436717914145257e+09,"train_loss":0.3064851207233485,"eval_MSE":0.29750001430511475,"_wandb":{"runtime":7},"_step":920,"_runtime":6.771793949,"lr":3.90625e-07,"eval_RSE":0.5357999801635742,"TEST_plot":{"sha256":"08f801446219a45dea96b317f9be3a09d1a4200074fe9921c07876534efeb223","size":146017,"path":"media/images/TEST_plot_920_08f801446219a45dea96.png","format":"png","width":2000,"height":400,"_type":"image-file"},"eval_RMSE":0.5454000234603882,"eval_MAPE":1.5921000242233276,"eval_MSPE":357.7466125488281,"eval_MAE":0.3882000148296356}