{
	"MAE": 0.2273000031709671,
	"MSE": 0.11349999904632568,
	"RMSE": 0.336899995803833,
	"MAPE": 1.482699990272522,
	"MSPE": 1492.5643310546875,
	"RSE": 0.42399999499320984
}