{
	"best_epoch": 9,
	"best_step": 378,
	"latest_MSE": 0.14949999749660492,
	"eval_MAE": 0.258899986743927,
	"eval_MSE": 0.14949999749660492,
	"eval_RMSE": 0.38670000433921814,
	"eval_MAPE": 1.507200002670288,
	"eval_MSPE": 946.9456176757812,
	"eval_RSE": 0.3937000036239624
}