{
	"best_epoch": 6,
	"best_step": 378,
	"best_MSE": 0.149399995803833,
	"eval_MAE": 0.25839999318122864,
	"eval_MSE": 0.149399995803833,
	"eval_RMSE": 0.38659998774528503,
	"eval_MAPE": 1.5089999437332153,
	"eval_MSPE": 946.8602294921875,
	"eval_RSE": 0.3935000002384186
}