{"eval_MSE":0.16120000183582306,"lr":3.90625e-07,"_runtime":21.563372071,"_step":3780,"eval_RSE":0.40869998931884766,"eval_RMSE":0.40139999985694885,"eval_MSPE":803.6185913085938,"TEST_plot":{"width":2000,"height":400,"_type":"image-file","sha256":"362c68f176fa2e68fa0fc3622acd139c3623f91eac070391cf6105f0f8bbe7de","size":130675,"path":"media/images/TEST_plot_3780_362c68f176fa2e68fa0f.png","format":"png"},"train_loss":0.1516870481066798,"_wandb":{"runtime":22},"_timestamp":1.7436718480036473e+09,"eval_MAE":0.27129998803138733,"eval_MAPE":1.4916000366210938}