{"_wandb":{"runtime":8},"_timestamp":1.7436789610949671e+09,"eval_MAPE":2.078200101852417,"TEST_plot":{"size":217562,"path":"media/images/TEST_plot_920_1da5a76edb64990d3f4c.png","format":"png","width":2000,"height":400,"_type":"image-file","sha256":"1da5a76edb64990d3f4c2d6e214110dd539fda3cd1fca0260d81a95fe0ef4715"},"eval_MAE":0.4250999987125397,"train_loss":0.3899159199555269,"eval_RMSE":0.6157000064849854,"_runtime":7.672114837,"_step":920,"eval_MSE":0.3790999948978424,"eval_MSPE":1652.514892578125,"eval_RSE":0.6068000197410583,"lr":3.90625e-07}