{"_wandb":{"runtime":25},"_runtime":24.99243997,"TEST_plot":{"height":400,"_type":"image-file","sha256":"a9dd92748dfb1c2ebec5cac831fff72f4950f04038b71ed9d8291cf3506a6444","size":130785,"path":"media/images/TEST_plot_3780_a9dd92748dfb1c2ebec5.png","format":"png","width":2000},"_timestamp":1.7436790393737528e+09,"_step":3780,"lr":3.90625e-07,"eval_MAPE":1.5296000242233276,"eval_MSPE":846.85888671875,"eval_MAE":0.2612999975681305,"eval_RMSE":0.39730000495910645,"train_loss":0.15216343587739278,"eval_RSE":0.4043999910354614,"eval_MSE":0.15780000388622284}