{"eval_MSE":0.28040000796318054,"TEST_plot":{"sha256":"7d1456657b15691717b2358f98d28e67ca9e008e77a4b4a52b60e9a5a51bc43f","size":222307,"path":"media/images/TEST_plot_3780_7d1456657b15691717b2.png","format":"png","width":2000,"height":400,"_type":"image-file"},"eval_RMSE":0.5295000076293945,"_wandb":{"runtime":21},"eval_MAPE":1.582200050354004,"eval_MSPE":94.14550018310547,"eval_MAE":0.3497999906539917,"eval_RSE":0.5299000144004822,"_timestamp":1.7436718200795891e+09,"_runtime":21.801673276,"_step":3780,"lr":3.90625e-07,"train_loss":0.2592393939743701}