{"_runtime":650.160021901,"_step":912,"lr":0.0001,"train_loss":0.0968550518155098,"_wandb":{"runtime":650},"_timestamp":1.7442741553073106e+09}