{"_timestamp":1.7436717782644477e+09,"eval_MAE":0.43529999256134033,"eval_MAPE":1.976699948310852,"eval_RSE":0.6157000064849854,"lr":1.5625e-06,"_step":736,"_runtime":6.169441981,"train_loss":0.3881842980667547,"TEST_plot":{"height":400,"_type":"image-file","sha256":"37cf8c4a30ccaa750abf786ca5f3628bf8f49a33ded1016875fa2a7adf959cf0","size":218878,"path":"media/images/TEST_plot_736_37cf8c4a30ccaa750abf.png","format":"png","width":2000},"eval_MSE":0.3903000056743622,"eval_RMSE":0.6247000098228455,"eval_MSPE":1775.5506591796875,"_wandb":{"runtime":6}}