{"_wandb":{"runtime":25},"_runtime":25.435136014,"eval_MAE":0.34549999237060547,"lr":3.90625e-07,"train_loss":0.26164033843219214,"eval_MSPE":100.61489868164062,"eval_RSE":0.5289000272750854,"TEST_plot":{"sha256":"275f6292b766ec22a6b70f4833a8c93d9e6edbb385f17330bc497d5468f6c468","size":222107,"path":"media/images/TEST_plot_3780_275f6292b766ec22a6b7.png","format":"png","width":2000,"height":400,"_type":"image-file"},"_step":3780,"_timestamp":1.7436790075628912e+09,"eval_MSE":0.2791999876499176,"eval_RMSE":0.5284000039100647,"eval_MAPE":1.6477999687194824}