{"_wandb":{"runtime":2985},"train_loss":0.0010151860769838095,"train_accuracy":1,"_timestamp":1.7396666997859156e+09,"_runtime":2984.963038765,"_step":29374,"val_loss":0.0488988496363163,"val_accuracy":1}