{"_wandb":{"runtime":3031},"_runtime":3031.023424938,"_step":29374,"train_loss":0.007167445961385965,"train_accuracy":1,"_timestamp":1.7397133118811827e+09,"val_loss":0.00880493875592947,"val_accuracy":1}